rank,brand,domain,models,verdict,vendor,network,programme_url,platform,evidence,applied,status
1,Sherpani,sherpani.com,168,in-house:uppromote,uppromote,,,shopify,uppromote marker in homepage source,,
2,Eastpak,us.eastpak.com,160,in-house:uppromote,uppromote,,,shopify,uppromote marker in homepage source,,
3,Zpacks,zpacks.com,120,in-house:affiliatly,affiliatly,,,shopify,affiliatly marker in homepage source,,
4,Alpaka,alpakagear.com,85,in-house:uppromote,uppromote,avantlink,,shopify,uppromote marker in homepage source; avantlink tracking in homepage source,,
5,United by Blue,unitedbyblue.com,80,in-house:uppromote,uppromote,avantlink,,shopify,uppromote marker in homepage source; avantlink tracking in homepage source,,
6,Caribee,caribee.com,68,in-house:shopify-collabs,shopify-collabs,,https://caribee.com/pages/caribee-ambassador-program,shopify,programme page https://caribee.com/pages/caribee-ambassador-program; shopify-collabs marker on programme page,,
7,Grams,grams28.com,67,in-house:goaffpro,goaffpro,shareasale,,shopify,goaffpro marker in homepage source; shareasale tracking in homepage source,,
8,Black Ember,blackember.com,55,in-house:refersion,refersion,,,shopify,refersion marker in homepage source,,
9,Trakke,trakke.co.uk,26,in-house:refersion,refersion,,https://trakke.co.uk/pages/affiliates,shopify,refersion marker in homepage source; programme page https://trakke.co.uk/pages/affiliates; refersion marker on programme page,,
10,Millican,homeofmillican.com,23,in-house:goaffpro,goaffpro,,,shopify,goaffpro marker in homepage source,,
11,CabinZero,cabinzero.com,22,in-house:uppromote,uppromote,,https://www.cabinzero.com/pages/affiliates,shopify,uppromote marker in homepage source; programme page https://www.cabinzero.com/pages/affiliates; uppromote marker on programme page,,
12,Brevite,brevite.co,13,in-house:refersion,refersion,shareasale,,shopify,refersion marker in homepage source; shareasale tracking in homepage source,,
13,Black Voyage,blackvoyage.com,12,in-house:uppromote,uppromote,,,shopify,uppromote marker in homepage source,,
14,Zorali,zorali.com,11,in-house:social-snowball,social-snowball,,https://www.zorali.com/pages/affiliate-program,shopify,social-snowball marker in homepage source; programme page https://www.zorali.com/pages/affiliate-program; social-snowball marker on programme page,,
15,The Brown Buffalo,thebrownbuffalo.com,10,in-house:social-snowball,social-snowball,avantlink,,shopify,social-snowball marker in homepage source; avantlink tracking in homepage source,,
16,Modern Dayfarer,moderndayfarer.com,10,in-house:refersion,refersion,,https://moderndayfarer.com/pages/affiliates,shopify,refersion marker in homepage source; programme page https://moderndayfarer.com/pages/affiliates; refersion marker on programme page,,
17,Able Carry,ablecarry.com,8,in-house:uppromote,uppromote,,,shopify,uppromote marker in homepage source,,
18,Code of Bell,codeofbell.com,8,in-house:refersion,refersion,,,shopify,refersion marker in homepage source,,
19,Minaal,minaal.com,6,in-house:refersion,refersion,,,shopify,refersion marker in homepage source,,
20,Attitude Supply,attitudesupply.com,6,in-house:goaffpro,goaffpro,,https://atdsupply.com/pages/affiliate-program,shopify,goaffpro marker in homepage source; programme page https://atdsupply.com/pages/affiliate-program; goaffpro marker on programme page,,
21,Rework Gear,reworkgear.com,5,in-house:uppromote,uppromote,,,shopify,uppromote marker in homepage source,,
22,Arktype,arktypedesign.com,2,in-house:refersion,refersion,,,shopify,refersion marker in homepage source,,
23,Durston Gear,durstongear.com,0,in-house:uppromote,uppromote,,,shopify,uppromote marker in homepage source,,
24,Greenroom,greenroom136.com,0,in-house:refersion,refersion,,,unknown,refersion marker in homepage source,,
25,Haize Project,haizeproject.com,0,in-house:goaffpro,goaffpro,,,shopify,goaffpro marker in homepage source,,
26,Cotopaxi,cotopaxi.com,148,page-only,,,https://www.cotopaxi.com/pages/do-good-ambassadors,shopify,programme page https://www.cotopaxi.com/pages/do-good-ambassadors; no vendor identified — needs a look,,
27,CALPAK,calpaktravel.com,108,page-only,,,https://www.calpaktravel.com/pages/affiliate-program,shopify,programme page https://www.calpaktravel.com/pages/affiliate-program; no vendor identified — needs a look,,
28,Peak Design,peakdesign.com,69,page-only,,,https://www.peakdesign.com/pages/brand-ambassadors,shopify,programme page https://www.peakdesign.com/pages/brand-ambassadors; no vendor identified — needs a look,,
29,Hyperlite Mountain Gear,hyperlitemountaingear.com,40,page-only,,,https://hyperlitemountaingear.com/pages/hyperlite-mountain-gear-affiliate-program,shopify,programme page https://hyperlitemountaingear.com/pages/hyperlite-mountain-gear-affiliate-program; no vendor identified — needs a look,,
30,Burton,burton.com,28,page-only,,,https://www.burton.com/en-us/pages/affiliate-program,shopify,programme page https://www.burton.com/en-us/pages/affiliate-program; no vendor identified — needs a look,,
31,Hynes Eagle,hyneseagle.com,28,page-only,,,https://www.hyneseagle.com/pages/wholesale-affiliate-programs,shopify,programme page https://www.hyneseagle.com/pages/wholesale-affiliate-programs; no vendor identified — needs a look,,
32,Corsurf,corsurf.com,20,page-only,,,https://www.corsurf.com/blogs/news/cor-surf-brand-ambassador-program,shopify,programme page https://www.corsurf.com/blogs/news/cor-surf-brand-ambassador-program; no vendor identified — needs a look,,
33,3FUL Gear,3fulgear.com,10,page-only,,,https://3fulgear.com/affiliate-registration/,woocommerce,programme page https://3fulgear.com/affiliate-registration/; no vendor identified — needs a look,,
34,Avio Gear,aviotravel.com,2,page-only,,,https://aviotravel.com/pages/ambassador-program,shopify,programme page https://aviotravel.com/pages/ambassador-program; no vendor identified — needs a look,,
35,Graphene-x,graphene-x.com,2,page-only,,,https://www.graphene-x.com/affiliates,shopify,programme page https://www.graphene-x.com/affiliates; no vendor identified — needs a look,,
36,Mystery Ranch,www.mysteryranch.com,0,page-only,,,https://www.mysteryranch.com/ambassadors,unknown,programme page https://www.mysteryranch.com/ambassadors; no vendor identified — needs a look,,
37,Craghoppers,craghoppers.com,0,page-only,,,https://www.craghoppers.com/affiliates/,unknown,programme page https://www.craghoppers.com/affiliates/; no vendor identified — needs a look,,
38,Mystery Ranch,mysteryranch.com,0,page-only,,,https://www.mysteryranch.com/ambassadors,unknown,programme page https://www.mysteryranch.com/ambassadors; no vendor identified — needs a look,,
39,Dagne Dover,dagnedover.com,226,network:pepperjam,,pepperjam,,shopify,pepperjam tracking in homepage source,,
40,Bagsmart,bagsmart.com,137,network:shareasale,,shareasale,https://www.bagsmart.com/pages/affiliate-program,shopify,shareasale tracking in homepage source; programme page https://www.bagsmart.com/pages/affiliate-program; shareasale named on programme page,,
41,Lo & Sons,loandsons.com,123,network:impact,,impact,https://www.loandsons.com/pages/affiliate-sign-up,shopify,programme page https://www.loandsons.com/pages/affiliate-sign-up; impact named on programme page,,
42,Tom Bihn,tombihn.com,116,network:awin,,awin,,shopify,awin tracking in homepage source,,
43,Aer,aersf.com,98,network:awin,,awin,,shopify,awin tracking in homepage source,,
44,Timbuk2,timbuk2.com,82,network:pepperjam,,pepperjam,,shopify,pepperjam tracking in homepage source,,
45,Pacsafe,pacsafe.com,75,network:avantlink,,avantlink,https://pacsafe.com/pages/pacsafe-affiliate-program,shopify,avantlink tracking in homepage source; programme page https://pacsafe.com/pages/pacsafe-affiliate-program; avantlink named on programme page,,
46,Topo Designs,topodesigns.com,74,network:avantlink,,avantlink,https://topodesigns.com/pages/affiliates,shopify,avantlink tracking in homepage source; programme page https://topodesigns.com/pages/affiliates; avantlink named on programme page,,
47,Ortlieb,us.ortlieb.com,67,network:avantlink,,avantlink,https://us.ortlieb.com/pages/sponsoring-athletes,shopify,avantlink tracking in homepage source; programme page https://us.ortlieb.com/pages/sponsoring-athletes; avantlink named on programme page,,
48,Inside Line Equipment,ilequipment.com,66,network:avantlink,,avantlink,,shopify,avantlink tracking in homepage source,,
49,Kifaru,kifaru.net,61,network:avantlink,,avantlink,https://kifaru.net/pages/affiliate-program,shopify,avantlink tracking in homepage source; programme page https://kifaru.net/pages/affiliate-program; avantlink named on programme page,,
50,Troubadour,troubadour.myshopify.com,59,network:awin,,awin,https://checkout.troubadourgoods.com/pages/affiliates,shopify,programme page https://checkout.troubadourgoods.com/pages/affiliates; awin named on programme page,,
51,Knack Bags,knackbags.com,55,network:impact,,impact,https://knackbags.com/pages/knack-affiliate-program,shopify,impact tracking in homepage source; programme page https://knackbags.com/pages/knack-affiliate-program; impact named on programme page,,
52,ULA Equipment,ula-equipment.com,54,network:impact,,impact,,woocommerce,impact tracking in homepage source,,
53,Heimplanet,heimplanet.com,52,network:avantlink,,avantlink,https://heimplanet.com/pages/ambassador,shopify,avantlink tracking in homepage source; programme page https://heimplanet.com/pages/ambassador; avantlink named on programme page,,
54,Vertx,vertx.com,49,network:shareasale,,shareasale,,shopify,shareasale tracking in homepage source,,
55,Mission Workshop,missionworkshop.com,48,network:avantlink,,avantlink,https://missionworkshop.com/pages/affiliate-program,shopify,avantlink tracking in homepage source; programme page https://missionworkshop.com/pages/affiliate-program; avantlink named on programme page,,
56,Gossamer Gear,gossamergear.com,44,network:avantlink,,avantlink,https://www.gossamergear.com/pages/affiliate-program,shopify,avantlink tracking in homepage source; programme page https://www.gossamergear.com/pages/affiliate-program; avantlink named on programme page,,
57,Chrome Industries,chromeindustries.com,40,network:avantlink,,avantlink,,shopify,avantlink tracking in homepage source,,
58,Mountainsmith,mountainsmith.com,38,network:avantlink,,avantlink,https://mountainsmith.com/pages/outing-calendar,shopify,programme page https://mountainsmith.com/pages/outing-calendar; avantlink named on programme page,,
59,North St. Bags,northstbags.com,31,network:avantlink,,avantlink,https://northstbags.com/pages/affiliate-program,shopify,avantlink tracking in homepage source; programme page https://northstbags.com/pages/affiliate-program; avantlink named on programme page,,
60,Mammut,www.mammut.com,31,network:avantlink,,avantlink,https://www.mammut.com/us/en/mammut-affiliate,unknown,programme page https://www.mammut.com/us/en/mammut-affiliate; avantlink named on programme page,,
61,EVERGOODS,evergoods.us,29,network:avantlink,,avantlink,https://evergoods.us/pages/evergoods-affiliate-program,shopify,avantlink tracking in homepage source; programme page https://evergoods.us/pages/evergoods-affiliate-program; avantlink named on programme page,,
62,Six Moon Designs,sixmoondesigns.com,29,network:avantlink,,avantlink,,shopify,avantlink tracking in homepage source,,
63,GORUCK,goruck.com,26,network:avantlink,,avantlink,https://www.goruck.com/collections/all,shopify,avantlink tracking in homepage source; programme page https://www.goruck.com/collections/all; avantlink named on programme page,,
64,Nemo Equipment,nemoequipment.com,26,network:avantlink,,avantlink,https://www.nemoequipment.com/pages/affiliate-sales,shopify,avantlink tracking in homepage source; programme page https://www.nemoequipment.com/pages/affiliate-sales; avantlink named on programme page,,
65,Matador,matadorup.com,20,network:avantlink,,avantlink,,shopify,avantlink tracking in homepage source,,
66,Tortuga,tortugabackpacks.com,16,network:avantlink,,avantlink,https://www.tortugabackpacks.com/pages/affiliates,shopify,avantlink tracking in homepage source; programme page https://www.tortugabackpacks.com/pages/affiliates; avantlink named on programme page,,
67,Pakt,paktbags.com,14,network:awin,,awin,,shopify,awin tracking in homepage source,,
68,Airback,airback.us,12,network:shareasale,,shareasale,,shopify,shareasale tracking in homepage source,,
69,Ministry of Supply,ministryofsupply.com,4,network:shareasale,,shareasale,,shopify,shareasale tracking in homepage source,,
70,Gregory,www.gregory.com,2,network:impact,,impact,https://www.gregory.com/affiliates.html,unknown,programme page https://www.gregory.com/affiliates.html; impact named on programme page,,
71,Moment,www.shopmoment.com,0,network:impact,,impact,https://www.shopmoment.com/pages/affiliates,unknown,programme page https://www.shopmoment.com/pages/affiliates; impact named on programme page,,
72,July,july.com,0,network:impact,,impact,,shopify,impact tracking in homepage source,,
73,Everyman,everyman.co,0,network:avantlink,,avantlink,,shopify,avantlink tracking in homepage source,,
74,Simond,simond.com,0,network:awin,,awin,,shopify,awin tracking in homepage source,,
75,Gregory,gregory.com,0,network:impact,,impact,https://www.gregory.com/affiliates.html,unknown,programme page https://www.gregory.com/affiliates.html; impact named on programme page,,
76,Mammut,mammut.com,0,network:avantlink,,avantlink,https://www.mammut.com/us/en/mammut-affiliate,unknown,programme page https://www.mammut.com/us/en/mammut-affiliate; avantlink named on programme page,,
77,Arcido,arcido.com,7,unreachable,,,,unknown,homepage no response,,
78,Fjallraven,fjallraven.com,2,unreachable,,,,unknown,homepage 403,,
79,Wotancraft,wotancraft.com,0,unreachable,,,,unknown,homepage no response,,
80,Rickshaw Bagworks,rickshawbags.com,0,unreachable,,,,unknown,homepage 403,,
81,Osprey,osprey.com,0,unreachable,,,,unknown,homepage 403,,
82,The North Face,thenorthface.com,0,unreachable,,,,unknown,homepage 403,,
83,Cabelas,cabelas.com,0,unreachable,,,,unknown,homepage 403,,
84,Day Owl,dayowl.com,0,unreachable,,,,unknown,homepage 308,,
85,Kipling,kipling.com,0,unreachable,,,,unknown,homepage 403,,
86,Klättermusen,klattermusen.com,0,unreachable,,,,unknown,homepage 308,,
87,MEC,mec.ca,0,unreachable,,,,unknown,homepage 403,,
88,Ogio,ogio.com,0,unreachable,,,,unknown,"homepage 429 — rate limited, undetermined",,
89,Patagonia,patagonia.com,0,unreachable,,,,unknown,homepage 404,,
90,Remote Equipment,remoteeq.com,0,unreachable,,,,unknown,homepage 403,,
91,Salomon,salomon.com,0,unreachable,,,,unknown,homepage 308,,
92,Zeeksack,zeeksack.com,0,unreachable,,,,unknown,robots.txt disallows / (robots.txt disallows /),,
93,Pakt,pakt.com,0,unreachable,,,,unknown,homepage no response,,
94,Moment,shopmoment.com,0,unreachable,,,,unknown,homepage 308,,
95,Troubadour,troubadourgoods.com,0,unreachable,,,,unknown,homepage 308,,
96,Dakine,dakine.com,597,none-found,,,,shopify,,,
97,Db Journey,dbjourney.com,364,none-found,,,,shopify,,,
98,Vaude,www.vaude.com,292,none-found,,,,unknown,,,
99,Tatonka,www.tatonka.com,242,none-found,,,,woocommerce,,,
100,BÉIS,beistravel.com,221,none-found,,,,shopify,,,
101,SwissGear,swissgear.com,206,none-found,,,,shopify,,,
102,Mismo,mismo.dk,190,none-found,,,,shopify,,,
103,Deuter,www.deuter.com,187,none-found,,,,unknown,,,
104,Away,awaytravel.com,184,none-found,,,,shopify,,,
105,Tomtoc,tomtoc.com,173,none-found,,,,shopify,,,
106,Bellroy,bellroy.com,148,none-found,,,,unknown,,,
107,Forclaz,decathlon.com,147,none-found,,,,shopify,,,
108,Portland Gear,portlandgear.com,143,none-found,,,,shopify,,,
109,Eagle Creek,eaglecreek.com,109,none-found,,,,shopify,,,
110,DEFY,defybags.com,108,none-found,,,,shopify,,,
111,Tropicfeel,shop.tropicfeel.com,98,none-found,,,,shopify,,,
112,Côte&Ciel,coteetciel.com,80,none-found,,,,shopify,,,
113,Snow Peak,snowpeak.com,79,none-found,,,,shopify,,,
114,WaterField Designs,sfbags.com,77,none-found,,,,shopify,,,
115,Thule,www.thule.com,74,none-found,,,,unknown,,,
116,JanSport,jansport.com,71,none-found,,,,shopify,,,
117,Filson,filson.com,71,none-found,,,,shopify,,,
118,Property Of,thepropertyof.com,68,none-found,,,,shopify,,,
119,Rab,rab.equipment,65,none-found,,,,unknown,,,
120,Red Oxx,redoxx.com,56,none-found,,,,shopify,,,
121,Nomatic,nomatic.com,55,none-found,,,,shopify,,,
122,LiteAF,liteaf.com,54,none-found,,,,woocommerce,,,
123,FHF Gear,fhfgear.com,48,none-found,,,,shopify,,,
124,Baboon to the Moon,baboontothemoon.com,45,none-found,,,,shopify,,,
125,WANDRD,wandrd.com,43,none-found,,,,shopify,,,
126,RAWROW,rawrow.com,43,none-found,,,,shopify,,,
127,Monos,monos.com,42,none-found,,,,shopify,,,
128,Incase,incase.com,42,none-found,,,,shopify,,,
129,Alchemy Equipment,alchemy-equipment.com,40,none-found,,,,shopify,,,
130,Boundary Supply,boundarysupply.com,32,none-found,,,,shopify,,,
131,Stubble & Co,stubbleandco.com,30,none-found,,,,shopify,,,
132,Stubble & Co,stubbleandco.com,30,none-found,,,,shopify,,,
133,Solgaard,solgaard.co,25,none-found,,,,shopify,,,
134,YNOT,ynotmade.com,25,none-found,,,,shopify,,,
135,Wave,waveproducts.com,24,none-found,,,,shopify,,,
136,Bonfus,bonfus.com,21,none-found,,,,woocommerce,,,
137,Alpha One-Niner,alphaoneniner.com,19,none-found,,,,shopify,,,
138,Ecohub,ecohubtravel.com,17,none-found,,,,shopify,,,
139,Alpine Sea,alpinesea.com,17,none-found,,,,shopify,,,
140,CamelBak,www.camelbak.com,16,none-found,,,,unknown,,,
141,Stio,stio.com,13,none-found,,,,shopify,,,
142,Tobiq,tobiq.com,11,none-found,,,,shopify,,,
143,Bedouin Foundry,bedouinfoundry.com,7,none-found,,,,shopify,,,
144,Kathmandu,kathmanduoutdoor.com,6,none-found,,,,shopify,,,
145,Piorama,piorama.co,5,none-found,,,,shopify,,,
146,Fyro,fyro.co,4,none-found,,,,shopify,,,
147,Almond Oak,almondoak.com,3,none-found,,,,shopify,,,
148,5.11 Tactical,511tactical.com,1,none-found,,,,unknown,,,
149,Baggu,baggu.com,0,none-found,,,,shopify,,,
150,eBags,ebagsbrand.com,0,none-found,,,,woocommerce,,,
151,Samsonite,shop.samsonite.com,0,none-found,,,,unknown,,,
152,CampSaver,www.campsaver.com,0,none-found,,,,unknown,,,
153,Arc'teryx,arcteryx.com,0,none-found,,,,unknown,,,
154,Exped,exped.com,0,none-found,,,,unknown,,,
155,Fredrik Packers,fredrikpackers.com,0,none-found,,,,unknown,,,
156,Hanchor,hanchor.com,0,none-found,,,,unknown,,,
157,Hill People Gear,hillpeoplegear.com,0,none-found,,,,unknown,,,
158,Homiee,homieebackpack.com,0,none-found,,,,woocommerce,,,
159,Ikea,ikea.com,0,none-found,,,,unknown,,,
160,L.L.Bean,llbean.com,0,none-found,,,,unknown,,,
161,Mixed Works,mixedworks.com,0,none-found,,,,unknown,,,
162,Nike,nike.com,0,none-found,,,,unknown,,,
163,Packolab,packolab.com,0,none-found,,,,unknown,,,
164,Porter,ll-porter.com,0,none-found,,,,unknown,,,
165,Uniqlo,uniqlo.com,0,none-found,,,,unknown,,,
166,Yeti,yeti.com,0,none-found,,,,unknown,,,
167,CamelBak,camelbak.com,0,none-found,,,,unknown,,,
168,Deuter,deuter.com,0,none-found,,,,unknown,,,
169,Ortlieb,ortlieb.com,0,none-found,,,,shopify,,,
170,Tatonka,tatonka.com,0,none-found,,,,woocommerce,,,
171,Thule,thule.com,0,none-found,,,,unknown,,,
172,Vaude,vaude.com,0,none-found,,,,unknown,,,
